"","mean","X2.5.","X97.5."
"r[1]",1.05136199125825,0.222288612962747,1.72867050463162
"r[2]",1.05350222112431,0.0873205705023724,1.45032211706893
"r[3]",-0.534654951154675,-1.31344170574743,1.37159621000973
"r[4]",2.13909989736865,1.27897900548036,3.20439993086765
"r[5]",1.0115097191334,0.106538769337606,1.77270855790539
"r[6]",1.18838613239864,0.938319636987394,1.54739316702399
"r[7]",0.938941334300783,-1.09378066488041,1.78133856725269
"r[8]",0.314561192536697,-0.614559833983528,1.32506471433442
